[
  {
    "description": "callout_arg",
    "grammar": "<expr>"
  },
  {
    "description": "callout_arg",
    "grammar": "string_literal"
  },
  {
    "description": "expr",
    "grammar": "<location>"
  },
  {
    "description": "expr",
    "grammar": "<method_call>"
  },
  {
    "description": "expr",
    "grammar": "<literal>"
  },
  {
    "description": "expr",
    "grammar": "<expr><arith_op><expr>"
  },
  {
    "description": "expr",
    "grammar": "not <expr>"
  },
  {
    "description": "location",
    "grammar": "id lbracket <expr> rbracket"
  },
  {
    "description": "location",
    "grammar": "id"
  },
  {
    "description": "method_name",
    "grammar": "id"
  },
  {
    "description": "method_call",
    "grammar": "<method_name> lbracket <expr>+ rbracket"
  }
]